domain,scenario_id,arm,process_coverage,legacy_coverage,structured_coverage,activities,actors,systems,inputs,outputs,decisions,exceptions,answer_words,cached_baseline,input_tokens,output_tokens
childcare,C01,generic,0.8571428571428571,0.875,0.875,1.0,0.75,0.5,1.0,0.75,1.0,1.0,270,False,3055,4807
childcare,C01,common,0.8214285714285714,0.844,0.844,1.0,0.5,0.75,0.75,0.75,1.0,1.0,221,False,3144,4504
childcare,C01,domain,0.9285714285714286,0.938,0.938,1.0,1.0,0.75,1.0,0.75,1.0,1.0,263,False,3572,4765
childcare,C02,generic,0.9285714285714286,0.938,0.938,1.0,1.0,1.0,1.0,0.75,1.0,0.75,285,False,3089,4682
childcare,C02,common,1.0,1.0,1.0,1.0,1.0,1.0,1.0,1.0,1.0,1.0,297,False,3136,4206
childcare,C02,domain,0.9107142857142857,0.922,0.922,0.875,1.0,1.0,0.75,0.75,1.0,1.0,236,False,3358,4458
childcare,C03,generic,0.7142857142857143,0.667,0.667,1.0,0.25,0.5,0.75,0.75,1.0,0.75,217,False,3079,3587
childcare,C03,common,0.8214285714285714,0.844,0.844,1.0,0.75,0.5,1.0,0.75,1.0,0.75,231,False,3108,4937
childcare,C03,domain,0.8035714285714286,0.844,0.828,0.875,0.5,0.5,0.75,1.0,1.0,1.0,181,False,3379,4617
childcare,C04,generic,0.9642857142857143,0.969,0.969,1.0,1.0,1.0,0.75,1.0,1.0,1.0,272,False,3166,4669
childcare,C04,common,1.0,1.0,1.0,1.0,1.0,1.0,1.0,1.0,1.0,1.0,294,False,3296,5047
childcare,C04,domain,0.9642857142857143,0.969,0.969,1.0,0.75,1.0,1.0,1.0,1.0,1.0,250,False,3460,4812
childcare,C05,generic,0.8392857142857143,0.859,0.859,0.875,1.0,1.0,0.5,1.0,1.0,0.5,200,False,2942,3891
childcare,C05,common,0.7678571428571429,0.812,0.797,0.875,1.0,1.0,0.5,0.5,1.0,0.5,236,False,3179,4431
childcare,C05,domain,0.8214285714285714,0.844,0.844,1.0,1.0,1.0,0.5,0.75,1.0,0.5,229,False,3358,4516
childcare,C06,generic,0.9285714285714286,0.938,0.938,1.0,0.5,1.0,1.0,1.0,1.0,1.0,267,False,3100,4592
childcare,C06,common,0.7142857142857143,0.75,0.75,0.75,0.75,1.0,0.5,1.0,0.5,0.5,192,False,3071,3957
childcare,C06,domain,0.9107142857142857,0.953,0.922,0.875,0.75,1.0,1.0,1.0,1.0,0.75,245,False,3375,4360
childcare,C07,generic,0.8392857142857143,0.906,0.859,0.875,0.25,1.0,1.0,1.0,1.0,0.75,237,False,3148,4429
childcare,C07,common,0.8214285714285714,0.844,0.844,0.75,0.5,1.0,1.0,0.75,1.0,0.75,217,False,3190,4398
childcare,C07,domain,0.875,0.891,0.891,0.875,0.5,1.0,0.75,1.0,1.0,1.0,250,False,3542,4746
childcare,C08,generic,0.9464285714285714,1.0,0.953,0.875,1.0,0.75,1.0,1.0,1.0,1.0,266,False,3192,4545
childcare,C08,common,0.9285714285714286,0.938,0.938,1.0,1.0,0.75,1.0,1.0,1.0,0.75,261,False,3212,4819
childcare,C08,domain,1.0,1.0,1.0,1.0,1.0,1.0,1.0,1.0,1.0,1.0,236,False,3494,4883
semiconductor_work,S01,generic,0.9821428571428571,0.984,0.984,0.875,1.0,1.0,1.0,1.0,1.0,1.0,260,True,2938,4766
semiconductor_work,S01,common,0.8928571428571429,0.906,0.906,1.0,1.0,1.0,0.75,0.5,1.0,1.0,220,True,2836,4140
semiconductor_work,S01,domain,0.8095714285714286,0.875,0.833,1.0,0.667,1.0,0.75,0.25,1.0,1.0,230,False,3258,4396
semiconductor_work,S02,generic,0.9524285714285714,1.0,0.958,1.0,0.667,1.0,1.0,1.0,1.0,1.0,302,True,2975,4033
semiconductor_work,S02,common,0.9167142857142857,0.927,0.927,1.0,0.667,1.0,0.75,1.0,1.0,1.0,265,True,2928,4153
semiconductor_work,S02,domain,0.9524285714285714,1.0,0.958,1.0,0.667,1.0,1.0,1.0,1.0,1.0,267,False,3174,4724
semiconductor_work,S03,generic,0.9642857142857143,0.969,0.969,1.0,1.0,1.0,0.75,1.0,1.0,1.0,251,True,2954,4341
semiconductor_work,S03,common,0.9285714285714286,0.938,0.938,1.0,0.75,1.0,1.0,1.0,1.0,0.75,273,True,3028,4881
semiconductor_work,S03,domain,0.9285714285714286,0.938,0.938,1.0,1.0,1.0,0.75,1.0,1.0,0.75,261,False,3263,4799
semiconductor_work,S04,generic,0.8928571428571429,0.938,0.906,1.0,1.0,0.75,1.0,1.0,1.0,0.5,303,True,3057,4422
semiconductor_work,S04,common,0.7107142857142857,0.747,0.747,0.625,1.0,0.75,1.0,0.6,1.0,0.0,221,True,3045,4435
semiconductor_work,S04,domain,0.75,0.812,0.781,1.0,1.0,1.0,0.25,1.0,1.0,0.0,239,False,3275,3995
semiconductor_work,S05,generic,0.9285714285714286,0.938,0.938,1.0,1.0,1.0,1.0,1.0,1.0,0.5,305,True,3003,4115
semiconductor_work,S05,common,0.9642857142857143,0.969,0.969,1.0,1.0,1.0,1.0,0.75,1.0,1.0,221,True,2932,4248
semiconductor_work,S05,domain,0.8928571428571429,0.906,0.906,1.0,1.0,1.0,0.75,1.0,1.0,0.5,221,False,3144,4307
semiconductor_work,S06,generic,0.8214285714285714,0.875,0.844,1.0,1.0,1.0,0.75,0.75,0.5,0.75,270,True,2943,3424
semiconductor_work,S06,common,0.8214285714285714,0.844,0.844,1.0,1.0,1.0,0.75,1.0,0.5,0.5,222,True,2881,4222
semiconductor_work,S06,domain,0.6928571428571428,0.762,0.731,1.0,0.6,1.0,0.75,0.5,0.5,0.5,197,False,3107,3851
semiconductor_work,S07,generic,0.7448571428571429,0.735,0.735,0.714,1.0,0.75,1.0,0.75,0.5,0.5,222,True,2823,3696
semiconductor_work,S07,common,0.7448571428571429,0.735,0.735,0.714,1.0,0.5,1.0,0.75,0.5,0.75,238,True,2876,4165
semiconductor_work,S07,domain,0.9234285714285714,0.891,0.891,0.714,1.0,1.0,1.0,1.0,1.0,0.75,215,False,3048,3746
semiconductor_work,S08,generic,0.9167142857142857,0.927,0.927,1.0,0.667,1.0,0.75,1.0,1.0,1.0,203,True,2569,3459
semiconductor_work,S08,common,0.8452857142857143,0.865,0.865,1.0,0.667,1.0,1.0,1.0,1.0,0.25,176,True,2663,4278
semiconductor_work,S08,domain,0.8334285714285714,0.854,0.854,0.667,0.667,1.0,1.0,1.0,1.0,0.5,200,False,2927,4003
