scenario_id,repeat,level,document_process,field_process,exact_process,document_legacy,field_legacy,exact_legacy,field_activities,field_actors,field_systems,field_inputs,field_outputs,field_decisions,field_exceptions,answer_words,unsure_answers,input_tokens,output_tokens,provenance_carried,provenance_lost,provenance_recovered,provenance_dropped,provenance_unsupported,provenance_missed
S01,1,L3,0.875,0.8036,0.4643,0.8906,0.8281,0.5312,0.625,1.0,1.0,0.75,0.5,1.0,0.75,254,0,2862,4171,5,0,17,3,0,4
S01,1,L3p,0.9286,0.5774,0.2083,0.9375,0.6302,0.3073,0.625,0.6667,0.5,0.75,0.75,0.0,0.75,291,0,2972,4904,2,3,13,2,3,6
S01,1,L2,0.8452,0.6369,0.2798,0.8646,0.6823,0.3698,0.875,0.3333,0.75,0.75,0.5,0.5,0.75,64,0,2689,3666,4,1,14,0,2,8
S01,1,L1,0.8095,0.619,0.2798,0.8333,0.6667,0.3698,0.75,0.3333,0.5,0.75,0.25,1.0,0.75,163,3,2816,3668,5,0,11,1,2,10
S01,1,L0,0.494,0.25,0.0536,0.5573,0.3438,0.1719,0.5,0.0,0.5,0.25,0.25,0.0,0.25,112,0,2769,3303,4,1,1,0,4,19
S01,2,L3,0.9524,0.8631,0.506,0.9583,0.8802,0.5677,0.875,0.6667,1.0,1.0,0.75,1.0,0.75,296,0,3081,4930,5,0,19,2,1,2
S01,2,L3p,0.8095,0.506,0.2738,0.8333,0.5677,0.3646,0.625,0.6667,0.5,0.5,0.5,0.5,0.25,314,0,3158,4885,3,2,12,2,0,10
S01,2,L2,0.8393,0.6667,0.3274,0.8594,0.7083,0.4115,0.75,0.6667,0.75,0.75,0.75,0.5,0.5,93,0,2894,3870,4,1,13,0,3,8
S01,2,L1,0.6845,0.6012,0.2262,0.724,0.651,0.3229,0.625,0.3333,0.5,0.75,0.25,1.0,0.75,152,3,2967,4135,5,0,9,2,3,10
S01,2,L0,0.5119,0.2321,0.125,0.5729,0.3281,0.2344,0.375,0.0,0.5,0.0,0.5,0.0,0.25,125,0,2949,4196,3,2,0,0,5,19
S01,3,L3,0.9167,0.7917,0.3631,0.9271,0.8177,0.4427,0.875,0.6667,1.0,1.0,0.25,1.0,0.75,289,0,2999,4828,5,0,15,2,3,4
S01,3,L3p,0.881,0.7024,0.2738,0.8958,0.7396,0.3646,0.5,0.6667,0.75,1.0,0.5,0.5,1.0,323,0,3100,5044,4,1,16,4,0,4
S01,3,L2,0.7738,0.6012,0.2262,0.8021,0.651,0.3229,0.875,0.3333,0.75,0.75,0.25,0.5,0.75,70,0,2775,3981,4,1,11,1,4,8
S01,3,L1,0.8452,0.5119,0.2262,0.8646,0.5729,0.3229,0.5,0.3333,0.0,1.0,0.25,1.0,0.5,151,3,2889,3777,4,1,10,2,0,12
S01,3,L0,0.4702,0.1964,0.0357,0.5365,0.2969,0.1562,0.375,0.0,0.5,0.0,0.25,0.0,0.25,148,0,2888,4137,4,1,0,0,3,21
S01,4,L3,0.9167,0.8095,0.5417,0.9271,0.8333,0.599,0.75,0.6667,0.75,1.0,0.75,1.0,0.75,278,0,2919,4095,5,0,18,3,0,3
S01,4,L3p,0.9107,0.7202,0.2083,0.9219,0.7552,0.3073,0.375,0.6667,0.5,1.0,0.75,1.0,0.75,304,0,3008,4346,2,3,16,2,1,5
S01,4,L2,0.7024,0.5774,0.2738,0.7396,0.6302,0.3646,0.625,0.6667,0.25,0.75,0.25,1.0,0.5,85,0,2744,3782,5,0,11,0,0,13
S01,4,L1,0.7381,0.4583,0.3155,0.7708,0.526,0.401,0.625,0.3333,0.5,1.0,0.25,0.0,0.5,151,3,2819,3749,5,0,10,2,0,12
S01,4,L0,0.5417,0.125,0.0,0.599,0.2344,0.125,0.375,0.0,0.25,0.0,0.0,0.0,0.25,120,0,2803,3724,3,2,0,0,2,22
S01,5,L3,0.8393,0.7024,0.506,0.8594,0.7396,0.5677,0.75,0.6667,1.0,0.75,0.75,0.5,0.5,248,0,2932,4178,4,1,17,1,0,6
S01,5,L3p,0.9821,0.8214,0.3631,0.9844,0.8438,0.4427,0.5,1.0,1.0,1.0,0.75,0.5,1.0,290,0,3048,4770,3,2,20,4,0,0
S01,5,L2,0.7083,0.494,0.2976,0.7448,0.5573,0.3854,0.375,0.3333,0.75,0.75,0.25,0.5,0.5,77,0,2777,3456,2,3,10,0,2,12
S01,5,L1,0.7381,0.6012,0.2679,0.7708,0.651,0.3594,0.625,0.3333,0.5,0.75,0.25,1.0,0.75,148,3,2872,3783,4,1,12,0,1,11
S01,5,L0,0.369,0.1964,0.0536,0.4479,0.2969,0.1719,0.375,0.0,0.5,0.0,0.25,0.0,0.25,113,0,2844,3685,4,1,0,0,3,21
S02,1,L3,0.9048,0.7381,0.534,0.9167,0.7708,0.5923,1.0,0.6667,1.0,1.0,0.3333,0.6667,0.5,256,0,2927,4379,3,0,16,3,2,3
S02,1,L3p,0.9167,0.6259,0.1667,0.9271,0.6726,0.2708,0.7143,0.6667,1.0,0.75,0.3333,0.6667,0.25,260,0,2985,4504,3,0,9,2,5,8
S02,1,L2,0.7857,0.3997,0.2823,0.8125,0.4747,0.372,0.7143,0.3333,0.3333,0.5,0.3333,0.3333,0.25,77,0,2753,3462,3,0,7,5,2,10
S02,1,L1,0.7296,0.5221,0.2704,0.7634,0.5818,0.3616,0.5714,0.3333,1.0,0.75,0.6667,0.3333,0.0,159,3,2849,3883,3,0,9,3,2,10
S02,1,L0,0.4269,0.1429,0.0476,0.4568,0.2083,0.125,0.0,0.3333,0.3333,0.0,0.3333,0.0,0.0,123,0,2828,3268,3,0,0,0,0,24
S02,2,L3,0.881,0.7568,0.5374,0.8958,0.7872,0.5952,0.7143,0.6667,1.0,0.75,1.0,0.6667,0.5,244,0,2833,4072,3,0,15,1,2,6
S02,2,L3p,0.9524,0.6327,0.2551,0.9583,0.6786,0.3482,0.4286,0.6667,0.6667,0.5,1.0,0.6667,0.5,299,0,2938,4873,3,0,12,3,1,8
S02,2,L2,0.9048,0.5578,0.2823,0.9167,0.6131,0.372,0.5714,0.6667,0.6667,0.75,0.3333,0.6667,0.25,85,0,2691,3652,3,0,8,3,4,9
S02,2,L1,0.7296,0.6139,0.2704,0.7634,0.6622,0.3616,0.7143,0.3333,1.0,0.75,0.3333,0.6667,0.5,169,3,2786,3498,3,0,8,1,6,9
S02,2,L0,0.4184,0.2466,0.0476,0.4911,0.3408,0.1667,0.1429,0.0,0.3333,0.0,0.3333,0.6667,0.25,138,0,2771,3555,2,1,0,0,4,20
S02,3,L3,0.869,0.7976,0.4422,0.8854,0.8229,0.5119,1.0,0.6667,1.0,1.0,0.6667,1.0,0.25,287,0,2949,4344,3,0,17,2,2,3
S02,3,L3p,0.9524,0.6412,0.2976,0.9583,0.686,0.3854,0.5714,0.6667,0.6667,1.0,0.6667,0.6667,0.25,310,0,3036,4431,3,0,11,3,3,7
S02,3,L2,0.7857,0.483,0.3061,0.8125,0.5476,0.3929,0.7143,0.3333,0.6667,0.75,0.3333,0.3333,0.25,85,0,2755,3499,3,0,8,1,3,12
S02,3,L1,0.801,0.5578,0.3384,0.8259,0.6131,0.4211,0.5714,0.3333,1.0,0.75,0.3333,0.6667,0.25,175,3,2866,3672,3,0,12,3,0,9
S02,3,L0,0.5374,0.3537,0.0833,0.5952,0.4345,0.1979,0.1429,0.3333,0.3333,0.5,0.3333,0.3333,0.5,153,0,2854,3586,3,0,0,0,6,18
S02,4,L3,0.9524,0.8333,0.6122,0.9583,0.8542,0.6607,1.0,0.6667,1.0,1.0,1.0,0.6667,0.5,282,0,2937,4642,3,0,19,2,1,2
S02,4,L3p,0.9167,0.7687,0.2976,0.9271,0.7976,0.3854,0.7143,0.6667,1.0,0.75,1.0,1.0,0.25,316,0,3021,4588,3,0,16,3,1,4
S02,4,L2,0.8963,0.5663,0.4014,0.9092,0.6205,0.4762,0.7143,0.6667,0.6667,1.0,0.3333,0.3333,0.25,70,0,2720,3122,2,1,10,1,4,9
S02,4,L1,0.869,0.7381,0.4983,0.8854,0.7708,0.561,1.0,0.3333,1.0,1.0,1.0,0.3333,0.5,148,3,2813,3451,3,0,16,3,2,3
S02,4,L0,0.5017,0.2347,0.0833,0.564,0.3304,0.1979,0.1429,0.0,0.3333,0.25,0.3333,0.3333,0.25,121,0,2801,3255,2,1,0,0,4,20
S02,5,L3,0.881,0.7568,0.5646,0.8958,0.7872,0.619,0.7143,0.6667,1.0,0.75,1.0,0.6667,0.5,315,0,2915,3615,3,0,17,6,0,1
S02,5,L3p,0.9167,0.5969,0.398,0.9271,0.6473,0.4732,0.4286,0.6667,0.6667,0.5,1.0,0.6667,0.25,312,0,2970,4367,3,0,11,9,1,3
S02,5,L2,0.9524,0.6122,0.4405,0.9583,0.6607,0.5104,0.2857,0.6667,1.0,0.75,0.6667,0.6667,0.25,95,0,2682,3131,3,0,10,3,2,9
S02,5,L1,0.9524,0.7092,0.5374,0.9583,0.7455,0.5952,0.7143,0.6667,1.0,1.0,1.0,0.3333,0.25,171,3,2782,3498,3,0,15,5,1,3
S02,5,L0,0.6735,0.318,0.0833,0.7143,0.4033,0.1979,0.1429,0.0,0.6667,0.5,0.3333,0.3333,0.25,133,0,2760,3857,2,1,0,0,6,18
S03,1,L3,0.9643,0.8571,0.7321,0.9688,0.875,0.7656,1.0,1.0,1.0,0.5,1.0,0.5,1.0,253,0,2922,4924,1,0,25,0,1,3
S03,1,L3p,0.9286,0.6607,0.2857,0.9375,0.7031,0.375,0.875,0.75,1.0,0.25,1.0,0.0,0.75,306,0,3041,5036,1,0,17,2,4,6
S03,1,L2,0.9643,0.8036,0.6071,0.9688,0.8281,0.6562,0.875,1.0,1.0,0.75,1.0,0.0,1.0,90,0,2781,4352,1,0,21,0,4,4
S03,1,L1,0.7857,0.6071,0.3929,0.8125,0.6562,0.4688,0.75,1.0,0.5,0.75,0.5,0.0,0.75,151,3,2847,4046,1,0,15,1,4,9
S03,1,L0,0.6071,0.2679,0.0893,0.6562,0.3594,0.2031,0.625,0.25,0.25,0.0,0.5,0.0,0.25,157,0,2880,4381,1,0,1,1,8,19
S03,2,L3,1.0,0.875,0.7679,1.0,0.8906,0.7969,0.875,1.0,1.0,0.75,1.0,0.5,1.0,294,0,3029,4890,1,0,26,0,0,3
S03,2,L3p,0.7857,0.3929,0.125,0.8125,0.4688,0.2344,0.75,0.0,0.5,0.25,0.75,0.0,0.5,284,0,3078,4627,1,0,11,3,2,13
S03,2,L2,0.9643,0.7321,0.6071,0.9688,0.7656,0.6562,0.875,1.0,1.0,0.5,0.75,0.0,1.0,91,0,2839,4268,1,0,21,0,2,6
S03,2,L1,0.8571,0.6071,0.4286,0.875,0.6562,0.5,0.75,1.0,0.5,0.5,0.75,0.0,0.75,159,3,2913,3765,1,0,15,2,4,8
S03,2,L0,0.8214,0.3393,0.1607,0.8438,0.4219,0.2656,0.625,0.25,0.25,0.5,0.25,0.0,0.5,152,0,2918,4430,1,0,2,1,9,17
S03,3,L3,0.7857,0.6429,0.5357,0.8125,0.6875,0.5938,0.75,1.0,1.0,0.5,0.75,0.0,0.5,258,0,2855,4448,1,0,20,1,0,8
S03,3,L3p,0.8571,0.5893,0.25,0.875,0.6406,0.3438,0.625,0.25,1.0,0.25,0.75,0.5,0.75,327,0,2999,4194,1,0,14,2,3,10
S03,3,L2,0.9286,0.6786,0.4643,0.9375,0.7188,0.5312,0.75,1.0,1.0,0.75,0.75,0.0,0.5,73,0,2693,4259,1,0,15,2,6,6
S03,3,L1,0.7679,0.5357,0.3214,0.7969,0.5938,0.4062,0.75,1.0,0.5,0.5,0.75,0.0,0.25,137,3,2755,3889,1,0,12,1,5,11
S03,3,L0,0.7857,0.3036,0.1071,0.8125,0.3906,0.2188,0.625,0.25,0.25,0.25,0.25,0.0,0.5,127,0,2768,3858,1,0,1,1,9,18
S03,4,L3,0.8929,0.75,0.5,0.9062,0.7812,0.5625,1.0,1.0,0.75,0.75,0.75,0.5,0.5,221,0,2865,4199,1,0,21,0,2,6
S03,4,L3p,0.75,0.4464,0.2143,0.7812,0.5156,0.3125,0.875,0.75,0.25,0.25,0.75,0.0,0.25,259,0,2981,4521,1,0,14,3,1,11
S03,4,L2,0.8214,0.6071,0.3036,0.8438,0.6562,0.3906,0.75,1.0,0.5,0.5,0.5,0.5,0.5,86,0,2758,3627,1,0,15,0,3,11
S03,4,L1,0.8571,0.5714,0.3214,0.875,0.625,0.4062,0.75,0.75,0.5,0.5,0.75,0.0,0.75,165,3,2859,4130,1,0,12,2,6,9
S03,4,L0,0.6786,0.3214,0.1071,0.7188,0.4062,0.2188,0.75,0.25,0.25,0.25,0.25,0.0,0.5,110,0,2806,3411,1,0,0,0,11,18
S03,5,L3,0.9643,0.8214,0.5714,0.9688,0.8438,0.625,0.75,1.0,1.0,0.5,1.0,0.5,1.0,231,0,2878,4482,1,0,21,1,3,4
S03,5,L3p,0.8571,0.5536,0.2679,0.875,0.6094,0.3594,0.875,0.25,0.75,0.5,0.75,0.0,0.75,292,0,3004,4599,1,0,13,5,5,6
S03,5,L2,0.8929,0.625,0.3929,0.9062,0.6719,0.4688,0.625,1.0,1.0,0.5,1.0,0.0,0.25,84,0,2752,3999,0,1,15,1,5,8
S03,5,L1,0.8929,0.5893,0.4107,0.9062,0.6406,0.4844,0.875,1.0,0.25,0.5,0.75,0.0,0.75,166,3,2887,3917,1,0,15,2,4,8
S03,5,L0,0.6964,0.2679,0.0357,0.7344,0.3594,0.1562,0.625,0.25,0.25,0.25,0.5,0.0,0.0,119,0,2807,3890,1,0,1,0,8,20
S04,1,L3,0.8571,0.775,0.5143,0.875,0.8031,0.575,0.625,1.0,1.0,0.5,0.8,1.0,0.5,285,0,3030,4960,1,1,21,1,2,6
S04,1,L3p,0.7857,0.55,0.2786,0.8125,0.6062,0.3688,0.5,1.0,0.5,0.25,0.6,0.5,0.5,317,0,3145,4533,1,1,15,4,2,9
S04,1,L2,0.5857,0.5393,0.325,0.6375,0.5969,0.4094,0.625,0.8,0.5,0.25,0.6,0.5,0.5,98,0,2851,4303,1,1,15,0,2,13
S04,1,L1,0.7393,0.4679,0.2893,0.7719,0.5344,0.3781,0.125,1.0,0.25,0.5,0.4,1.0,0.0,143,3,2918,4036,1,1,11,1,1,17
S04,1,L0,0.3786,0.1179,0.0643,0.4146,0.1865,0.1396,0.125,0.0,0.25,0.25,0.2,0.0,0.0,142,0,2925,4057,1,1,0,0,3,27
S04,2,L3,0.8036,0.65,0.4429,0.7865,0.6521,0.4708,0.75,1.0,0.25,1.0,0.8,0.5,0.25,260,0,3023,4106,1,1,20,2,1,7
S04,2,L3p,0.8107,0.6036,0.2429,0.8344,0.6531,0.3375,0.625,1.0,0.5,0.75,0.6,0.5,0.25,304,0,3145,4944,1,1,17,4,2,7
S04,2,L2,0.7857,0.65,0.3071,0.7708,0.6521,0.3521,0.75,1.0,0.75,0.5,0.8,0.5,0.25,103,0,2880,3989,1,1,16,1,5,8
S04,2,L1,0.7036,0.4214,0.3679,0.699,0.4521,0.4052,0.5,1.0,0.25,1.0,0.2,0.0,0.0,167,3,2967,3909,1,1,14,2,0,14
S04,2,L0,0.2643,0.1643,0.0286,0.3146,0.2271,0.1083,0.25,0.0,0.25,0.0,0.4,0.0,0.25,122,0,2929,3849,1,1,0,0,5,25
S04,3,L3,0.8929,0.7929,0.55,0.9062,0.8187,0.6062,1.0,1.0,0.75,1.0,0.8,0.5,0.5,257,0,2933,4222,1,1,25,1,1,3
S04,3,L3p,0.8357,0.6107,0.1679,0.8562,0.6594,0.2719,0.625,1.0,0.75,0.5,0.4,0.5,0.5,302,0,3041,4877,1,1,15,3,4,8
S04,3,L2,0.5857,0.3857,0.2429,0.6375,0.4625,0.3375,0.25,0.6,0.5,0.25,0.6,0.5,0.0,92,0,2776,3876,1,1,9,2,2,17
S04,3,L1,0.9179,0.6536,0.475,0.9281,0.6969,0.5406,0.625,0.6,1.0,1.0,0.6,0.5,0.25,161,3,2867,4249,1,1,17,3,3,7
S04,3,L0,0.2821,0.1179,0.0643,0.3302,0.1865,0.1396,0.125,0.0,0.5,0.0,0.2,0.0,0.0,129,0,2849,3821,1,1,0,0,3,27
S04,4,L3,0.8929,0.875,0.5857,0.9062,0.8906,0.6375,0.875,1.0,1.0,1.0,1.0,1.0,0.25,323,0,3162,4745,2,0,26,1,0,3
S04,4,L3p,0.875,0.575,0.2643,0.8906,0.6281,0.3563,0.625,0.6,0.75,0.75,0.8,0.5,0.0,341,0,3240,4926,1,1,16,4,2,8
S04,4,L2,0.5393,0.4571,0.4036,0.5552,0.4833,0.4365,0.75,0.8,0.75,0.5,0.4,0.0,0.0,111,0,2949,3613,1,1,15,0,1,14
S04,4,L1,0.7071,0.5179,0.3214,0.7438,0.5781,0.4062,0.375,0.6,0.5,0.75,0.4,0.5,0.5,159,3,3015,4253,1,1,14,2,1,13
S04,4,L0,0.3107,0.1107,0.0286,0.3552,0.1802,0.1083,0.125,0.0,0.25,0.0,0.4,0.0,0.0,113,0,2975,3477,1,1,0,1,3,26
S04,5,L3,0.8571,0.7214,0.5143,0.875,0.7562,0.575,0.75,1.0,1.0,0.75,0.8,0.5,0.25,275,0,2963,4599,1,1,21,2,2,5
S04,5,L3p,0.8393,0.6464,0.3429,0.8594,0.6906,0.425,0.625,0.8,1.0,0.75,0.6,0.5,0.25,310,0,3079,4605,1,1,18,4,2,6
S04,5,L2,0.65,0.4679,0.3607,0.6937,0.5344,0.4406,0.375,1.0,0.75,0.5,0.4,0.0,0.25,108,0,2809,3696,1,1,11,2,4,13
S04,5,L1,0.7571,0.6107,0.325,0.7875,0.6594,0.4094,0.375,1.0,0.5,1.0,0.4,1.0,0.0,155,3,2879,4100,1,1,16,1,1,12
S04,5,L0,0.3,0.1357,0.0643,0.3458,0.2021,0.1396,0.25,0.0,0.5,0.0,0.2,0.0,0.0,140,0,2873,3970,0,2,0,0,5,25
S05,1,L3,0.8929,0.8724,0.6173,0.9062,0.8884,0.6652,0.8571,1.0,1.0,1.0,0.75,1.0,0.5,288,0,2836,4688,2,0,22,2,1,2
S05,1,L3p,0.7857,0.6378,0.25,0.8125,0.683,0.3438,0.7143,1.0,0.5,1.0,0.25,0.5,0.5,291,0,2882,4354,2,0,16,4,1,6
S05,1,L2,0.8929,0.801,0.4133,0.9062,0.8259,0.4866,0.8571,0.75,1.0,1.0,0.5,1.0,0.5,91,0,2635,3906,2,0,19,1,2,5
S05,1,L1,0.6786,0.4745,0.2551,0.7188,0.5402,0.3482,0.5714,0.0,0.5,1.0,0.5,0.5,0.25,138,3,2683,2833,2,0,11,5,1,10
S05,1,L0,0.5051,0.3776,0.1071,0.567,0.4554,0.2188,0.1429,0.25,0.75,0.75,0.0,0.5,0.25,125,0,2683,3625,2,0,1,0,7,19
S05,2,L3,0.9286,0.8163,0.4643,0.9375,0.8393,0.5312,0.7143,0.75,1.0,1.0,0.75,1.0,0.5,250,0,2903,4230,2,0,20,2,1,4
S05,2,L3p,0.8367,0.7245,0.1786,0.8571,0.7589,0.2812,0.5714,0.75,0.75,1.0,0.5,1.0,0.5,272,0,2991,4385,2,0,15,1,3,8
S05,2,L2,0.8724,0.7398,0.3214,0.8884,0.7723,0.4062,0.4286,0.75,1.0,1.0,0.5,1.0,0.5,55,0,2725,4036,2,0,14,0,4,9
S05,2,L1,0.5612,0.4184,0.2704,0.6161,0.4911,0.3616,0.4286,0.5,0.5,1.0,0.25,0.0,0.25,126,3,2801,3922,1,1,10,0,2,15
S05,2,L0,0.6224,0.3418,0.1429,0.6696,0.4241,0.25,0.1429,0.5,0.5,1.0,0.25,0.0,0.0,112,0,2804,3684,1,1,0,0,9,18
S05,3,L3,0.8929,0.801,0.4643,0.9062,0.8259,0.5312,0.8571,0.75,0.75,1.0,0.75,1.0,0.5,276,0,2874,4255,2,0,19,2,2,4
S05,3,L3p,0.801,0.6122,0.1786,0.8259,0.6607,0.2812,0.2857,0.5,0.75,0.75,0.5,1.0,0.5,337,0,2996,4350,2,0,13,5,1,8
S05,3,L2,0.7653,0.602,0.3214,0.7946,0.6518,0.4062,0.7143,0.75,0.75,0.75,0.25,0.5,0.5,84,0,2685,3658,0,2,17,0,1,9
S05,3,L1,0.5102,0.3469,0.2143,0.5714,0.4286,0.3125,0.4286,0.0,0.5,1.0,0.25,0.0,0.25,146,3,2764,4288,1,1,8,1,2,16
S05,3,L0,0.5459,0.2143,0.1429,0.6027,0.3125,0.25,0.0,0.25,0.0,0.75,0.25,0.0,0.25,131,0,2767,3461,1,1,0,0,5,22
S05,4,L3,0.8929,0.7602,0.5204,0.9062,0.7902,0.5804,0.5714,1.0,1.0,1.0,0.5,0.5,0.75,262,0,2858,4178,2,0,20,4,0,3
S05,4,L3p,0.7857,0.6684,0.25,0.8125,0.7098,0.3438,0.4286,0.75,0.75,1.0,0.25,1.0,0.5,250,0,2898,4865,2,0,13,2,3,9
S05,4,L2,0.8929,0.8316,0.2857,0.9062,0.8527,0.375,0.5714,1.0,1.0,1.0,0.75,1.0,0.5,77,0,2673,4020,2,0,15,0,6,6
S05,4,L1,0.602,0.5051,0.2347,0.6518,0.567,0.3304,0.2857,0.25,0.75,1.0,0.5,0.5,0.25,130,3,2734,3805,2,0,11,0,1,15
S05,4,L0,0.7806,0.4133,0.2143,0.808,0.4866,0.3125,0.1429,0.75,0.75,1.0,0.0,0.0,0.25,109,0,2731,3574,1,1,0,0,11,16
S05,5,L3,0.8571,0.7296,0.5,0.875,0.7634,0.5625,0.8571,1.0,0.75,0.75,0.75,0.5,0.5,212,0,2756,4241,2,0,20,2,0,5
S05,5,L3p,0.6071,0.5102,0.1786,0.6562,0.5714,0.2812,0.5714,0.75,0.25,0.75,0.25,0.5,0.5,260,0,2870,4319,2,0,12,5,1,9
S05,5,L2,0.6429,0.398,0.2857,0.6875,0.4732,0.375,0.2857,0.75,0.5,0.75,0.25,0.0,0.25,49,0,2607,3925,1,1,8,0,3,16
S05,5,L1,0.5306,0.3622,0.2143,0.5893,0.442,0.3125,0.2857,0.25,0.75,0.75,0.25,0.0,0.25,128,3,2702,3503,1,1,10,0,0,17
S05,5,L0,0.6173,0.3418,0.2143,0.6652,0.4241,0.3125,0.1429,0.5,0.5,1.0,0.0,0.0,0.25,109,0,2699,3525,1,1,0,0,9,18
S06,1,L3,0.8367,0.6582,0.5408,0.8571,0.7009,0.5982,0.8571,1.0,1.0,0.75,0.75,0.0,0.25,273,0,2884,3644,4,1,17,1,1,6
S06,1,L3p,0.7286,0.5806,0.2286,0.7625,0.633,0.325,0.7143,0.6,1.0,0.75,0.5,0.5,0.0,286,0,2955,3639,4,1,11,1,3,10
S06,1,L2,0.7571,0.6092,0.3643,0.7875,0.658,0.4437,0.7143,0.8,1.0,0.75,0.5,0.5,0.0,84,0,2706,3293,4,1,12,0,3,10
S06,1,L1,0.7286,0.6214,0.3,0.7625,0.6687,0.3875,1.0,0.6,0.75,0.75,0.75,0.5,0.0,177,3,2816,3805,5,0,11,2,4,8
S06,1,L0,0.6286,0.4245,0.1,0.675,0.4964,0.2125,0.5714,0.4,0.5,0.25,0.5,0.5,0.25,120,0,2762,3583,4,1,1,0,8,16
S06,2,L3,0.8571,0.7143,0.5663,0.875,0.75,0.6205,1.0,1.0,0.5,0.75,1.0,0.5,0.25,258,0,2838,3338,5,0,18,2,0,5
S06,2,L3p,0.8929,0.7092,0.3571,0.9062,0.7455,0.4375,0.7143,1.0,1.0,0.75,0.75,0.5,0.25,245,0,2862,3978,4,1,16,2,2,5
S06,2,L2,0.75,0.6582,0.3776,0.7812,0.7009,0.4554,0.8571,1.0,0.75,0.75,0.5,0.5,0.25,68,0,2648,3601,4,1,9,0,8,8
S06,2,L1,0.8214,0.7143,0.4745,0.8438,0.75,0.5402,1.0,1.0,1.0,0.75,0.5,0.5,0.25,162,3,2758,3455,5,0,15,1,3,6
S06,2,L0,0.5929,0.4245,0.2204,0.6438,0.4964,0.3179,0.5714,0.4,0.75,0.25,0.25,0.5,0.25,127,0,2739,3599,5,0,0,0,8,17
S06,3,L3,0.7214,0.5378,0.4051,0.7562,0.5955,0.4795,0.7143,0.8,0.5,0.75,0.75,0.0,0.25,241,0,2860,3689,4,1,14,3,0,8
S06,3,L3p,0.75,0.602,0.3133,0.7812,0.6518,0.3991,0.7143,1.0,1.0,0.75,0.5,0.0,0.25,266,0,2940,3777,3,2,16,0,1,8
S06,3,L2,0.7724,0.5939,0.3918,0.8009,0.6446,0.4679,0.8571,0.8,1.0,0.75,0.5,0.0,0.25,88,0,2727,3452,4,1,15,0,1,9
S06,3,L1,0.801,0.551,0.4133,0.8259,0.6071,0.4866,0.8571,1.0,0.75,0.75,0.5,0.0,0.0,165,3,2816,3537,4,1,12,1,3,9
S06,3,L0,0.6724,0.5092,0.2286,0.7134,0.5705,0.325,0.7143,0.6,1.0,0.25,0.25,0.5,0.25,123,0,2784,3961,4,1,1,0,11,13
S06,4,L3,0.8214,0.7296,0.4541,0.8021,0.7217,0.4807,0.8571,1.0,0.75,0.75,0.5,0.5,0.75,243,0,2923,3818,5,0,16,1,2,6
S06,4,L3p,0.7571,0.6449,0.2929,0.7875,0.6893,0.3812,0.7143,0.8,1.0,0.75,0.5,0.5,0.25,235,0,2975,4269,4,1,10,0,6,9
S06,4,L2,0.7143,0.5816,0.3929,0.75,0.6339,0.4688,0.5714,1.0,0.75,0.75,0.5,0.5,0.0,48,0,2745,3669,4,1,10,0,4,11
S06,4,L1,0.7143,0.6582,0.4184,0.75,0.7009,0.4911,0.8571,1.0,1.0,0.75,0.5,0.5,0.0,136,3,2844,3630,4,1,13,0,4,8
S06,4,L0,0.5857,0.4449,0.1,0.6375,0.5143,0.2125,0.7143,0.4,0.5,0.25,0.5,0.5,0.25,126,0,2851,3679,5,0,0,0,9,16
S06,5,L3,0.7857,0.6939,0.4337,0.8125,0.7321,0.5045,0.8571,1.0,0.75,0.75,0.75,0.5,0.25,210,0,2825,3658,5,0,15,1,2,7
S06,5,L3p,0.7286,0.5367,0.2429,0.7625,0.5946,0.3375,0.8571,0.4,1.0,0.25,0.5,0.5,0.25,227,0,2883,4259,4,1,10,3,3,9
S06,5,L2,0.7143,0.6173,0.4133,0.75,0.6652,0.4866,0.5714,1.0,1.0,0.75,0.5,0.5,0.0,67,0,2687,3312,4,1,10,0,5,10
S06,5,L1,0.6582,0.5663,0.3061,0.7009,0.6205,0.3929,0.7143,1.0,0.5,0.75,0.5,0.5,0.0,131,3,2762,3675,4,1,10,2,4,9
S06,5,L0,0.6286,0.4806,0.1286,0.675,0.5455,0.2375,0.7143,0.4,0.5,0.5,0.5,0.5,0.25,137,0,2787,3681,5,0,4,0,6,15
S07,1,L3,0.7296,0.6582,0.4388,0.7217,0.6592,0.4673,0.8571,0.75,0.5,0.75,0.75,0.5,0.5,245,0,2853,3707,1,0,18,0,1,9
S07,1,L3p,0.7296,0.4439,0.1276,0.7634,0.5134,0.2366,0.8571,0.5,0.5,0.25,0.5,0.0,0.5,227,0,2870,3573,1,0,12,0,2,14
S07,1,L2,0.801,0.6735,0.1633,0.7842,0.6726,0.2262,0.7143,1.0,0.75,0.75,0.5,0.5,0.5,52,0,2642,3114,1,0,14,0,5,9
S07,1,L1,0.7806,0.5255,0.2398,0.7664,0.5432,0.2932,0.4286,0.5,0.5,0.75,0.75,0.5,0.25,148,3,2763,3313,1,0,11,1,3,13
S07,1,L0,0.5867,0.4031,0.1276,0.6384,0.4777,0.2366,0.5714,0.25,0.75,0.5,0.5,0.0,0.25,126,0,2750,3252,1,0,0,0,12,16
S07,2,L3,0.7449,0.7449,0.3827,0.7351,0.7351,0.4182,0.7143,1.0,0.5,1.0,0.75,0.5,0.75,263,0,2794,3860,1,0,19,1,2,6
S07,2,L3p,0.801,0.6378,0.1633,0.8259,0.683,0.2679,0.7143,0.5,0.5,0.75,0.75,0.5,0.75,288,0,2883,3778,1,0,12,0,6,10
S07,2,L2,0.6378,0.4949,0.2194,0.683,0.558,0.317,0.7143,0.75,0.5,0.5,0.5,0.0,0.5,47,0,2580,3241,1,0,12,1,3,12
S07,2,L1,0.7092,0.5663,0.2908,0.7455,0.6205,0.3795,0.7143,0.75,0.5,1.0,0.5,0.0,0.5,156,3,2714,3395,1,0,14,3,3,8
S07,2,L0,0.6735,0.3827,0.1429,0.6726,0.4182,0.2083,0.4286,0.25,0.75,0.5,0.5,0.0,0.25,108,0,2674,3240,1,0,0,0,11,17
S07,3,L3,0.8163,0.6888,0.3469,0.7976,0.686,0.3869,0.5714,0.75,0.75,0.75,0.75,0.5,0.75,247,0,2764,3708,1,0,17,1,2,8
S07,3,L3p,0.7449,0.4745,0.1429,0.7768,0.5402,0.25,0.5714,0.75,0.25,0.75,0.5,0.0,0.5,254,0,2838,3340,1,0,10,1,4,13
S07,3,L2,0.6735,0.5102,0.2551,0.7143,0.5714,0.3482,0.5714,0.75,0.75,0.5,0.5,0.0,0.5,55,0,2580,3027,1,0,13,1,2,12
S07,3,L1,0.7092,0.4898,0.2551,0.7039,0.5119,0.3065,0.4286,0.5,0.75,0.75,0.75,0.0,0.25,140,3,2684,2895,1,0,11,0,3,14
S07,3,L0,0.6735,0.3265,0.1786,0.7143,0.4107,0.2812,0.2857,0.5,0.75,0.25,0.25,0.0,0.25,114,0,2670,3215,1,0,2,0,7,19
S07,4,L3,0.6582,0.6582,0.2398,0.6592,0.6592,0.2932,0.8571,0.75,0.75,0.5,0.75,0.5,0.5,198,0,2759,3612,1,0,18,0,1,9
S07,4,L3p,0.6939,0.6735,0.1786,0.7321,0.7143,0.2812,0.7143,0.75,0.75,0.5,0.75,0.5,0.75,217,0,2846,3959,1,0,11,1,8,8
S07,4,L2,0.7653,0.551,0.199,0.753,0.5655,0.2574,0.8571,0.75,0.5,0.5,0.5,0.0,0.75,76,0,2667,3268,1,0,12,1,5,10
S07,4,L1,0.7449,0.5969,0.2398,0.7351,0.6057,0.2932,0.4286,0.75,0.75,0.75,0.75,0.5,0.25,152,3,2767,3061,1,0,13,1,3,11
S07,4,L0,0.7449,0.4337,0.0714,0.7351,0.4628,0.1458,0.2857,0.5,0.75,0.5,0.75,0.0,0.25,129,0,2744,3624,1,0,0,0,12,16
S07,5,L3,0.7245,0.6531,0.4898,0.7173,0.6548,0.5119,0.5714,1.0,0.5,0.75,0.75,0.0,1.0,223,0,2805,3786,1,0,17,1,2,8
S07,5,L3p,0.8163,0.602,0.2143,0.8393,0.6518,0.3125,0.7143,0.75,0.75,0.75,0.5,0.0,0.75,285,0,2941,4480,1,0,16,1,2,9
S07,5,L2,0.7449,0.5459,0.3061,0.7351,0.561,0.3512,0.5714,0.75,0.5,0.5,0.5,0.0,1.0,80,0,2687,3652,1,0,13,3,3,9
S07,5,L1,0.7092,0.4745,0.2194,0.7455,0.5402,0.317,0.5714,0.75,0.25,0.75,0.75,0.0,0.25,117,3,2728,3724,1,0,12,0,2,14
S07,5,L0,0.6735,0.5102,0.0357,0.7143,0.5714,0.1562,0.5714,0.5,0.5,0.5,0.5,0.5,0.5,114,0,2749,3567,1,0,0,0,14,14
S08,1,L3,0.9286,0.7738,0.631,0.9375,0.8021,0.6771,0.6667,0.0,1.0,1.0,1.0,1.0,0.75,173,0,2610,4370,3,2,14,0,2,4
S08,1,L3p,0.8452,0.6071,0.2143,0.8646,0.6562,0.3125,0.6667,0.0,0.6667,0.75,0.6667,0.5,1.0,199,0,2718,4199,3,2,6,1,7,6
S08,1,L2,0.8929,0.5714,0.369,0.9062,0.625,0.4479,0.5,0.3333,1.0,0.75,0.6667,0.5,0.25,41,0,2501,3328,4,1,7,0,3,10
S08,1,L1,0.5238,0.4048,0.2738,0.5833,0.4792,0.3646,0.5,0.0,0.6667,0.25,0.6667,0.5,0.25,109,3,2582,3113,3,2,4,0,3,13
S08,1,L0,0.631,0.4167,0.1548,0.6771,0.4896,0.2604,0.5,0.0,1.0,0.25,0.6667,0.5,0.0,118,0,2613,3691,3,2,0,0,7,13
S08,2,L3,0.881,0.6548,0.5357,0.8958,0.6979,0.5938,0.8333,0.0,1.0,0.5,1.0,0.5,0.75,216,0,2686,3650,3,2,14,0,0,6
S08,2,L3p,0.9167,0.3571,0.25,0.9271,0.4375,0.3438,0.5,0.0,0.3333,0.25,0.6667,0.5,0.25,222,0,2757,3850,2,3,3,1,4,12
S08,2,L2,0.7143,0.5714,0.4167,0.75,0.625,0.4896,0.5,0.0,1.0,0.5,1.0,0.5,0.5,82,0,2582,3017,2,3,9,1,3,7
S08,2,L1,0.6429,0.5476,0.2976,0.6875,0.6042,0.3854,0.6667,0.0,0.6667,0.5,1.0,0.5,0.5,115,3,2626,3147,3,2,8,0,3,9
S08,2,L0,0.6548,0.5357,0.1548,0.6979,0.5938,0.2604,0.5,0.3333,0.6667,0.5,1.0,0.5,0.25,126,0,2654,3770,4,1,0,0,9,11
S08,3,L3,0.8095,0.6667,0.6429,0.8333,0.7083,0.6875,0.6667,0.0,1.0,0.75,1.0,1.0,0.25,191,0,2611,3765,3,2,12,1,1,6
S08,3,L3p,0.881,0.4881,0.2976,0.8958,0.5521,0.3854,0.5,0.0,0.6667,0.5,1.0,0.5,0.25,241,0,2732,3950,2,3,3,1,7,9
S08,3,L2,0.8929,0.619,0.4881,0.9062,0.6667,0.5521,0.3333,0.0,1.0,1.0,1.0,0.5,0.5,46,0,2484,3505,2,3,10,0,3,7
S08,3,L1,0.7024,0.5119,0.3571,0.7396,0.5729,0.4375,0.6667,0.0,0.6667,0.5,1.0,0.5,0.25,120,3,2574,3196,3,2,4,0,6,10
S08,3,L0,0.7619,0.4524,0.119,0.7917,0.5208,0.2292,0.5,0.0,0.6667,0.25,1.0,0.5,0.25,94,0,2567,4049,3,2,0,0,8,12
S08,4,L3,0.7738,0.631,0.3571,0.7604,0.6354,0.3958,0.6667,0.0,1.0,0.5,1.0,0.5,0.75,201,0,2541,3383,3,2,12,0,1,7
S08,4,L3p,0.7738,0.5357,0.1071,0.8021,0.5938,0.2188,0.5,0.6667,0.6667,0.25,0.6667,0.5,0.5,223,0,2631,4004,4,1,2,0,7,11
S08,4,L2,0.6667,0.5238,0.369,0.7083,0.5833,0.4479,0.6667,0.0,1.0,0.25,1.0,0.5,0.25,58,0,2421,3001,3,2,5,0,5,10
S08,4,L1,0.5714,0.4524,0.2619,0.625,0.5208,0.3542,0.5,0.0,0.6667,0.25,1.0,0.5,0.25,131,3,2510,3042,3,2,4,0,4,12
S08,4,L0,0.7738,0.3333,0.1071,0.8021,0.4167,0.2188,0.3333,0.0,0.6667,0.25,0.3333,0.5,0.25,110,0,2511,3663,2,3,0,0,6,14
S08,5,L3,0.8452,0.6905,0.5714,0.8646,0.7292,0.625,1.0,0.3333,1.0,0.5,1.0,0.5,0.5,203,0,2664,3838,4,1,12,0,2,6
S08,5,L3p,0.7143,0.4881,0.2738,0.75,0.5521,0.3646,0.5,0.0,0.6667,0.5,1.0,0.5,0.25,279,0,2815,3956,2,3,7,0,3,10
S08,5,L2,0.8452,0.6429,0.4048,0.8646,0.6875,0.4792,0.6667,0.3333,1.0,0.5,1.0,0.5,0.5,73,0,2561,3239,3,2,11,0,2,7
S08,5,L1,0.5833,0.4524,0.25,0.6354,0.5208,0.3438,0.5,0.3333,0.6667,0.25,0.6667,0.5,0.25,144,3,2649,3032,4,1,5,2,2,11
S08,5,L0,0.6548,0.4048,0.0714,0.6979,0.4792,0.1875,0.5,0.0,0.6667,0.25,0.6667,0.5,0.25,117,0,2630,3920,3,2,0,0,7,13
